admin,admin@example.com,01-11-12345678,admin,"ROLE_ADMIN,ROLE_MANAGER"
Jack,jack@example.com,01-11-122345679,jack,"ROLE_USER"
Jack1,jack@example.com,01-11-122345679,jack,"ROLE_USER"
Jack2,jack@example.com,01-11-122345679,jack,"ROLE_USER"
Jack3,jack@example.com,01-11-122345679,jack,"ROLE_USER"
Jack4,jack@example.com,01-11-122345679,jack,"ROLE_USER"
Jack5,jack@example.com,01-11-122345679,jack,"ROLE_USER"
Marry,marry@example.com,01-11-122345679,marry,"ROLE_USER"
Marry2,marry@example.com,01-11-122345679,marry,"ROLE_USER"
Marry3,marry@example.com,01-11-122345679,marry,"ROLE_USER"
Marry4,marry@example.com,01-11-122345679,marry,"ROLE_USER"
Marry5,marry@example.com,01-11-122345679,marry,"ROLE_USER"
Marry6,marry@example.com,01-11-122345679,marry,"ROLE_USER"
Jill,Jill@example.com,01-11-122345679,jill,"ROLE_USER"
Jill2,Jill@example.com,01-11-122345679,jill,"ROLE_USER"
Jill3,Jill@example.com,01-11-122345679,jill,"ROLE_USER"
Jill4,Jill@example.com,01-11-122345679,jill,"ROLE_USER"
Jill5,Jill@example.com,01-11-122345679,jill,"ROLE_USER"
Jill6,Jill@example.com,01-11-122345679,jill,"ROLE_USER"
Jill7,Jill@example.com,01-11-122345679,jill,"ROLE_USER"
Tom0,Tom@example.com,01-11-122345679,tom,"ROLE_USER"
Tom1,Tom@example.com,01-11-122345679,tom,"ROLE_USER"
Tom2,Tom@example.com,01-11-122345679,tom,"ROLE_USER"
Tom3,Tom@example.com,01-11-122345679,tom,"ROLE_USER"
Tom4,Tom@example.com,01-11-122345679,tom,"ROLE_USER"
Tom5,Tom@example.com,01-11-122345679,tom,"ROLE_USER"
Tom6,Tom@example.com,01-11-122345679,tom,"ROLE_USER"
Tom7,Tom@example.com,01-11-122345679,tom,"ROLE_USER"
Tom8,Tom@example.com,01-11-122345679,tom,"ROLE_USER"
Tom9,Tom@example.com,01-11-122345679,tom,"ROLE_USER"
Tom10,Tom@example.com,01-11-122345679,tom,"ROLE_USER"
Tom11,Tom@example.com,01-11-122345679,tom,"ROLE_USER"
Tom12,Tom@example.com,01-11-122345679,tom,"ROLE_USER"
Tom13,Tom@example.com,01-11-122345679,tom,"ROLE_USER"
Tom14,Tom@example.com,01-11-122345679,tom,"ROLE_USER"
Tom15,Tom@example.com,01-11-122345679,tom,"ROLE_USER"
Tom16,Tom@example.com,01-11-122345679,tom,"ROLE_USER"
Tom17,Tom@example.com,01-11-122345679,tom,"ROLE_USER"
Tom18,Tom@example.com,01-11-122345679,tom,"ROLE_USER"
Tom19,Tom@example.com,01-11-122345679,tom,"ROLE_USER"
Tom20,Tom@example.com,01-11-122345679,tom,"ROLE_USER"
